[{"@type":"mappingTemplate","id":"@1","name":"Mapping_RESTV2","description":"","bundleVersion":"0","assetFrsGuid":"7lZ3FKggzk5eVVzvwdrzuu","templateId":"@3","hasParameters":false,"valid":true,"fixedConnection":true,"hasParametersDeployed":false,"fixedConnectionDeployed":false,"isSchemaValidationEnabled":false,"tasks":0,"mappingPreviewFileRecordId":"@2","documentType":"MAPPING","references":[{"@type":"reference","refObjectId":"@6xxKaFGn695j5ZXB3679Oa","refType":"connection"},{"@type":"reference","refObjectId":"@byPbeZSmYK1lcgsh0vDikp","refType":"connection"}]}]